<?xml version="1.0"?>
<openbox_menu>
  <menu id="root-menu" label="Openbox">
    <item label="Terminal">
      <action name="Execute"><command>alacritty</command></action>
    </item>
    <item label="Bestandsbeheer">
      <action name="Execute"><command>thunar</command></action>
    </item>
    <item label="Browser">
      <action name="Execute"><command>firefox</command></action>
    </item>
    <separator/>
    <item label="Herstart Openbox">
      <action name="Reconfigure"/>
    </item>
    <item label="Afsluiten">
      <action name="Execute"><command>poweroff</command></action>
    </item>
  </menu>
</openbox_menu>
